tolerance,n_eval,rho_current,p_current,rho_trusted,p_trusted,rho_delta
0.5,126792,0.10422064489740077,4.4060464638595297e-303,0.09432457625088125,2.1020221388745083e-248,0.009896068646519512
